product,sales,region
P0,25.639491495099776,R3
P1,47.66430344128918,R3
P2,89.31912341162526,R3
P3,23.285784982995366,R2
P4,21.137159417331382,R1
